{
  "timestamp": "2025-10-20T13:05:56.823215",
  "config": {
    "dataset": "FD003",
    "window_size": 30,
    "stride": 15,
    "degradation_threshold": 100,
    "data_dir": "data/raw",
    "num_rounds": 10,
    "local_epochs": 30,
    "batch_size": 16,
    "learning_rate": 0.0008,
    "client_participation_rate": 1.0,
    "num_devices": 25,
    "num_gateways": 5,
    "devices_per_gateway": 5,
    "input_channels": 13,
    "num_classes": 2,
    "heterogeneity_level": "high",
    "capability_distribution": "beta",
    "enable_adaptive_pruning": false,
    "p_max": 0.5,
    "p_min": 0.1,
    "pruning_method": "l1_unstructured",
    "enable_priority_weighting": true,
    "rul_threshold": 50,
    "priority_strength": 2.0,
    "enable_edge_aggregation": true,
    "outlier_threshold": 2.5,
    "quality_alpha": 1.5,
    "quality_beta": 2.0,
    "enable_compression": true,
    "compression_ratio": 0.3,
    "lightweight_threshold": 0.4,
    "medium_threshold": 0.7,
    "device": "cpu",
    "random_seed": 42,
    "validation_split": 0.2,
    "results_dir": "results",
    "logs_dir": "logs",
    "save_models": true,
    "log_interval": 10,
    "verbose": true,
    "run_ablation": true,
    "run_baselines": true,
    "save_plots": true
  },
  "data_source": "NASA C-MAPSS",
  "proposed_results": {
    "round": [
      1,
      2,
      3,
      4,
      5,
      6,
      7,
      8,
      9,
      10
    ],
    "accuracy": [
      0.7001044932079414,
      0.7042842215256009,
      0.7105538140020898,
      0.6886102403343782,
      0.7053291536050157,
      0.6833855799373041,
      0.6927899686520376,
      0.6802507836990596,
      0.6927899686520376,
      0.6833855799373041
    ],
    "f1_score": [
      0.706257780850647,
      0.7104103445397262,
      0.716531636926458,
      0.6948785779069714,
      0.7112998666314564,
      0.6895343226317935,
      0.6991660491534641,
      0.686085813713754,
      0.6990595611285267,
      0.6897059160613934
    ],
    "communication_mb": [
      6.136512756347656,
      6.136512756347656,
      6.136512756347656,
      6.136512756347656,
      6.136512756347656,
      6.136512756347656,
      6.136512756347656,
      6.136512756347656,
      6.136512756347656,
      6.136512756347656
    ],
    "train_time": [
      27.10933494567871,
      26.446268796920776,
      27.345923900604248,
      26.82293701171875,
      29.174290895462036,
      842.9966597557068,
      30.036708116531372,
      32.59263491630554,
      28.648428201675415,
      28.196338891983032
    ]
  },
  "baseline_results": {
    "FedAvg": {
      "round": [
        1,
        2,
        3,
        4,
        5,
        6,
        7,
        8,
        9,
        10
      ],
      "accuracy": [
        0.6792058516196448,
        0.6844305120167189,
        0.6917450365726228,
        0.690700104493208,
        0.6990595611285266,
        0.6896551724137931,
        0.6886102403343782,
        0.6886102403343782,
        0.6865203761755486,
        0.6886102403343782
      ],
      "f1_score": [
        0.6843949495268202,
        0.6899804429210015,
        0.6979960921272274,
        0.6970356838875816,
        0.7052928081413838,
        0.6960989518713602,
        0.6950752120031116,
        0.6948443800061177,
        0.693026580768841,
        0.6950776835970637
      ],
      "communication_mb": [
        51.54670715332031,
        51.54670715332031,
        51.54670715332031,
        51.54670715332031,
        51.54670715332031,
        51.54670715332031,
        51.54670715332031,
        51.54670715332031,
        51.54670715332031,
        51.54670715332031
      ]
    },
    "Centralized": {
      "epoch": [
        1,
        2,
        3,
        4,
        5,
        6,
        7,
        8,
        9,
        10,
        11,
        12,
        13,
        14,
        15,
        16,
        17,
        18,
        19,
        20,
        21,
        22,
        23,
        24,
        25,
        26,
        27,
        28,
        29,
        30,
        31,
        32,
        33,
        34,
        35,
        36,
        37,
        38,
        39,
        40,
        41,
        42,
        43,
        44,
        45,
        46,
        47,
        48,
        49,
        50,
        51,
        52,
        53,
        54,
        55,
        56,
        57,
        58,
        59,
        60
      ],
      "train_loss": [
        0.5037109362001114,
        0.42934904612125235,
        0.4169816715603179,
        0.4021701398999133,
        0.35537801904881255,
        0.35954243285541837,
        0.28958909376029,
        0.23593174103409686,
        0.2042458919570484,
        0.15437206772572182,
        0.12117271577107146,
        0.09482124431474888,
        0.06949046884039219,
        0.08218894031349609,
        0.052671562187978006,
        0.034709524758657975,
        0.0634768438095752,
        0.056336826415722595,
        0.040812927542224604,
        0.05006303820165216,
        0.034035270641981426,
        0.029427259517839782,
        0.02459442628710252,
        0.036569569157554146,
        0.04711015056509108,
        0.02018341654013753,
        0.046939051974132256,
        0.05199369946940544,
        0.012719051075846631,
        0.03337159213991439,
        0.03028325233521792,
        0.04410410763453098,
        0.021825693952702382,
        0.011859020120298621,
        0.020888090389447864,
        0.0038484820340969196,
        0.037360350887343456,
        0.03756248366157029,
        0.02326342560279064,
        0.02414363127017884,
        0.009564175406534986,
        0.008659443633685905,
        0.021927278585242172,
        0.007188445995276933,
        0.01019625805905831,
        0.01945561005922695,
        0.043891527356847405,
        0.013806279596966751,
        0.012479345268072026,
        0.011145827242545876,
        0.020393612834624868,
        0.005320006900266425,
        0.012861756467479628,
        0.010245469938678418,
        0.02230217371807351,
        0.01809290468542926,
        0.013746081302668516,
        0.024393333860218185,
        0.024579368561581817,
        0.012365738582880016
      ],
      "test_accuracy": [
        0.7178683385579937,
        0.703239289446186,
        0.7262277951933125,
        0.6927899686520376,
        0.7105538140020898,
        0.7293625914315569,
        0.7011494252873564,
        0.7314524555903866,
        0.7157784743991641,
        0.7575757575757576,
        0.6718913270637409,
        0.690700104493208,
        0.7001044932079414,
        0.6792058516196448,
        0.7126436781609196,
        0.7042842215256009,
        0.7053291536050157,
        0.7074190177638453,
        0.7251828631138976,
        0.7115987460815048,
        0.696969696969697,
        0.6948798328108673,
        0.6635318704284221,
        0.7011494252873564,
        0.6687565308254964,
        0.723092998955068,
        0.6865203761755486,
        0.7021943573667712,
        0.6603970741901777,
        0.6844305120167189,
        0.6624869383490073,
        0.6792058516196448,
        0.7042842215256009,
        0.6865203761755486,
        0.6844305120167189,
        0.6499477533960293,
        0.6875653082549634,
        0.6750261233019854,
        0.6405433646812957,
        0.6833855799373041,
        0.6468129571577848,
        0.6896551724137931,
        0.7084639498432602,
        0.709508881922675,
        0.6823406478578893,
        0.6760710553814002,
        0.7157784743991641,
        0.6718913270637409,
        0.6687565308254964,
        0.6520376175548589,
        0.6593521421107628,
        0.6677115987460815,
        0.7199582027168234,
        0.6384535005224661,
        0.7115987460815048,
        0.6572622779519331,
        0.6499477533960293,
        0.6718913270637409,
        0.7126436781609196,
        0.6833855799373041
      ],